{
  "accuracy": 0.7912457912457912,
  "precision": 0.7378048780487805,
  "recall": 0.7076023391812866,
  "f1_score": 0.7223880597014926,
  "confusion_matrix": [
    [
      463,
      86
    ],
    [
      100,
      242
    ]
  ],
  "classification_report": "              precision    recall  f1-score   support\n\n           0       0.82      0.84      0.83       549\n           1       0.74      0.71      0.72       342\n\n    accuracy                           0.79       891\n   macro avg       0.78      0.78      0.78       891\nweighted avg       0.79      0.79      0.79       891\n",
  "features": [
    "Pclass",
    "Sex",
    "Age",
    "Fare",
    "Embarked"
  ],
  "target": "Survived",
  "classes": [
    0,
    1
  ],
  "class_names": [
    "Did Not Survive",
    "Survived"
  ],
  "rebuilt_from": "train.csv"
}